,PlotID,Variety,Yield
13,1,Standard,3.079778597
14,2,Standard,2.680327871
15,3,Standard,3.006288346
16,4,Standard,2.517752761
17,5,Standard,2.960874856
18,6,Standard,2.666376296
19,7,New,3.21267565
20,8,New,2.984936847
21,9,New,3.383083523
22,10,New,3.392534296
23,11,New,3.313241108
24,12,New,3.279033002
1,13,NewPlus,3.423073193
2,14,NewPlus,3.341303999
3,15,NewPlus,2.938111171
4,16,NewPlus,3.070221674
5,17,NewPlus,3.043248005
6,18,NewPlus,3.347167925
